physical_angle_from_+z_deg,normalized_power
8.749522430651641969e+01,4.562082000233512458e-02
8.600576606972218485e+01,4.748815751923757267e-02
8.493653584769540998e+01,4.939360446275031097e-02
8.405624693524562474e+01,5.133630836690522559e-02
8.329011891728239902e+01,5.331535963986518828e-02
8.260259600834081084e+01,5.532979414623736408e-02
8.197345334741278577e+01,5.737859602833470657e-02
8.138988351631661544e+01,5.946070075910415281e-02
8.084316891150261597e+01,6.157499841833796034e-02
8.032705804746242961e+01,6.372033718270891933e-02
7.983688714693701627e+01,6.589552701912421151e-02
7.936906721708824364e+01,6.809934356988113502e-02
7.892076633286970377e+01,7.033053221713987668e-02
7.848970334678907079e+01,7.258781231330621586e-02
7.807400868856288412e+01,7.486988156304642816e-02
7.767212737119346855e+01,7.717542054184600708e-02
7.728274954302992228e+01,7.950309733527236022e-02
7.690475958843092030e+01,8.185157228241937699e-02
7.653719805930960263e+01,8.421950280639935171e-02
7.617923269291678423e+01,8.660554831421234112e-02
7.583013599805458682e+01,8.900837514786263949e-02
7.548926767710585750e+01,9.142666156822047696e-02
7.515606066678796537e+01,9.385910275283068649e-02
7.483000992678573482e+01,9.630441578867214580e-02
7.451066334275165559e+01,9.876134464075229935e-02
7.419761427585298463e+01,1.012286650774010255e-01
7.389049540866149357e+01,1.037051895331930346e-01
7.358897362194160507e+01,1.061897718905913252e-01
7.329274569883249058e+01,1.086813121616510697e-01
7.300153469875375833e+01,1.111787610514737151e-01
7.271508687768982782e+01,1.136811243855283121e-01
7.243316905748555712e+01,1.161874673834862454e-01
7.215556636665128565e+01,1.186969187628212213e-01
7.188208029050359471e+01,1.212086746561225614e-01
7.161252698040293296e+01,1.237220023268461727e-01
7.134673578121649484e+01,1.262362436690790957e-01
7.108454794354028650e+01,1.287508184778205222e-01
7.082581549311805702e+01,1.312652274772801719e-01
7.057040023462306522e+01,1.337790550957513036e-01
7.031817287078985146e+01,1.362919719767381466e-01
7.006901222098153426e+01,1.388037372171858075e-01
6.982280452581093755e+01,1.413142003248822609e-01
6.957944282650979062e+01,1.438233028883588172e-01
6.933882640945600428e+01,1.463310799539091489e-01
6.910086030768916032e+01,1.488376611056674570e-01
6.886545485242822906e+01,1.513432712460223983e-01
6.863252526859571390e+01,1.538482310749981763e-01
6.840199130918335868e+01,1.563529572685863900e-01
6.817377692399688272e+01,1.588579623573671551e-01
6.794780995890977238e+01,1.613638543080991583e-01
6.772402188226114106e+01,1.638713358122808883e-01
6.750234753546284594e+01,1.663812032869829982e-01
6.728272490524831539e+01,1.688943455945175476e-01
6.706509491531122080e+01,1.714117424887279528e-01
6.684940123535476175e+01,1.739344627968620327e-01
6.663559010580570430e+01,1.764636623471076415e-01
6.642361017665059819e+01,1.790005816529254279e-01
6.621341235902919209e+01,1.815465433663065453e-01
6.600494968837115550e+01,1.841029495129887228e-01
6.579817719799862630e+01,1.866712785235057348e-01
6.559305180223205411e+01,1.892530820746855524e-01
6.538953218814141621e+01,1.918499817568730392e-01
6.518757871517327374e+01,1.944636655827160221e-01
6.498715332196499617e+01,1.970958843538123118e-01
6.478821943972731390e+01,1.997484479018829806e-01
6.459074191163766443e+01,2.024232212213901982e-01
6.439468691774287379e+01,2.051221205106711354e-01
6.420002190491737792e+01,2.078471091387037173e-01
6.400671552146793886e+01,2.106001935545518955e-01
6.381473755601299302e+01,2.133834191563692417e-01
6.362405888030038881e+01,2.161988661365550068e-01
6.343465139565786615e+01,2.190486453192727334e-01
6.324648798279816475e+01,2.219348940060457687e-01
6.305954245472513975e+01,2.248597718445544402e-01
6.287378951251049841e+01,2.278254567350678772e-01
6.268920470373002729e+01,2.308341407881510376e-01
6.250576438336604213e+01,2.338880263464215847e-01
6.232344567700032201e+01,2.369893220821625845e-01
6.214222644613492719e+01,2.401402391815613269e-01
6.196208525549314317e+01,2.433429876252342083e-01
6.178300134216353712e+01,2.465997725735192547e-01
6.160495458646230560e+01,2.499127908637855111e-01
6.142792548439796718e+01,2.532842276257222802e-01
6.125189512163239414e+01,2.567162530192497738e-01
6.107684514883960247e+01,2.602110190983283888e-01
6.090275775837226035e+01,2.637706568025687814e-01
6.072961566215155216e+01,2.673972730771417838e-01
6.055740207070319059e+01,2.710929481200926583e-01
6.038610067326796838e+01,2.748597327547595004e-01
6.021569561891985245e+01,2.786996459236220081e-01
6.004617149863045711e+01,2.826146722985446447e-01
5.987751332822221428e+01,2.866067600010507865e-01
5.970970653215723445e+01,2.906778184249994013e-01
5.954273692811219121e+01,2.948297161527909105e-01
5.937659071229328589e+01,2.990642789550825298e-01
5.921125444544830430e+01,3.033832878628954233e-01
5.904671503953574785e+01,3.077884772999865959e-01
5.888295974501379959e+01,3.122815332624432338e-01
5.871997613871396027e+01,3.168640915316328632e-01
5.855775211226752219e+01,3.215377359059238827e-01
5.839627586105344648e+01,3.263039964359931155e-01
5.823553587364011008e+01,3.311643476480443105e-01
5.807552092169360947e+01,3.361202067389083004e-01
5.791622005032809284e+01,3.411729317267542805e-01
5.775762256887426815e+01,3.463238195410567877e-01
5.759971804204464974e+01,3.515741040354901092e-01
5.744249628147459674e+01,3.569249539076139177e-01
5.728594733761961066e+01,3.623774705095261228e-01
5.713006149199139827e+01,3.679326855341375491e-01
5.697482924971478013e+01,3.735915585623189594e-01
5.682024133238988384e+01,3.793549744569377213e-01
5.666628867124437363e+01,3.852237405906835388e-01
5.651296240056128539e+01,3.911985838956255623e-01
5.636025385136922239e+01,3.972801477236079792e-01
5.620815454538214340e+01,4.034689885078873717e-01
5.605665618917669235e+01,4.097655722178506488e-01
5.590575066859609166e+01,4.161702706001869645e-01
5.575543004336954311e+01,4.226833572015587515e-01
5.560568654193734517e+01,4.293050031695663238e-01
5.545651255647216971e+01,4.360352728306737258e-01
5.530790063808720447e+01,4.428741190457061716e-01
5.515984349222324568e+01,4.498213783455548009e-01
5.501233397420596560e+01,4.568767658518141372e-01
5.486536508496634212e+01,4.640398699892305800e-01
5.471892996691644839e+01,4.713101469990252923e-01
5.457302189997432862e+01,4.786869152643735137e-01
5.442763429773092554e+01,4.861693494615689226e-01
5.428276070375316209e+01,4.937564745526374921e-01
5.413839478801740768e+01,5.014471596374010520e-01
5.399453034346745284e+01,5.092401116852056653e-01
5.385116128269196878e+01,5.171338691687028533e-01
5.370828163471630035e+01,5.251267956241920665e-01
5.356588554190398810e+01,5.332170731651006967e-01
5.342396725696318072e+01,5.414026959771491843e-01
5.328252114005392315e+01,5.496814638256452001e-01
5.314154165599202884e+01,5.580509756071283523e-01
5.300102337154564935e+01,5.665086229792494210e-01
5.286096095282091767e+01,5.750515841043050136e-01
5.272134916273288496e+01,5.836768175432279770e-01
5.258218285855875962e+01,5.923810563380701444e-01
5.244345698956957591e+01,6.011608023220693653e-01
5.230516659473804708e+01,6.100123206972929424e-01
5.216730680051885827e+01,6.189316349205271628e-01
5.202987281869925340e+01,6.279145219386047527e-01
5.189285994431664051e+01,6.369565078146444126e-01
5.175626355364124720e+01,6.460528637867736235e-01
5.162007910222090601e+01,6.551986028007670271e-01
5.148430212298587350e+01,6.643884765576870688e-01
5.134892822441146620e+01,6.736169731170358332e-01
5.121395308873619001e+01,6.828783150951098779e-01
5.107937247023355098e+01,6.921664584972329060e-01
5.094518219353538768e+01,7.014750922212584783e-01
5.081137815200505514e+01,7.107976382682463790e-01
5.067795630615847102e+01,7.201272526945020624e-01
5.054491268213143940e+01,7.294568273372089573e-01
5.041224337019157531e+01,7.387789923437344530e-01
5.027994452329328112e+01,7.480861195323134094e-01
5.014801235567407645e+01,7.573703266092169928e-01
5.001644314149125847e+01,7.666234822647625125e-01
4.988523321349698847e+01,7.758372121675285449e-01
4.975437896175086649e+01,7.850029058730219056e-01
4.962387683236849512e+01,7.941117246597152457e-01
4.949372332630490945e+01,8.031546103019321370e-01
4.936391499817173667e+01,8.121222947854441765e-01
4.923444845508672785e+01,8.210053109679443795e-01
4.910532035555489472e+01,8.297940041827055468e-01
4.897652740837995822e+01,8.384785447798417390e-01
4.884806637160517795e+01,8.470489415955773094e-01
4.871993405148271705e+01,8.554950563358778570e-01
4.859212730147037007e+01,8.638066188567267156e-01
4.846464302125506407e+01,8.719732433192032284e-01
4.833747815580196772e+01,8.799844451934241141e-01
4.821062969442862567e+01,8.878296590813139488e-01
4.808409466990318748e+01,8.954982573241242472e-01
4.795787015756606309e+01,9.029795693566458059e-01
4.783195327447413803e+01,9.102629017661154620e-01
4.770634117856699419e+01,9.173375590100441013e-01
4.758103106785428338e+01,9.241928647434725086e-01
4.745602017962382035e+01,9.308181837026161531e-01
4.733130578966952129e+01,9.372029440884597218e-01
4.720688521153870454e+01,9.433366603906276904e-01
4.708275579579819947e+01,9.492089565888300884e-01
4.695891492931855993e+01,9.548095896663595372e-01
4.683536003457603414e+01,9.601284733674931848e-01
4.671208856897146688e+01,9.651557021283231341e-01
4.658909802416606283e+01,9.698815751083942338e-01
4.646638592543298785e+01,9.742966202487312044e-01
4.634394983102473731e+01,9.783916182802220307e-01
4.622178733155574548e+01,9.821576266051064152e-01
4.609989604939956820e+01,9.855860029733054528e-01
4.597827363810051082e+01,9.886684288746900862e-01
4.585691778179909761e+01,9.913969325680177525e-01
4.573582619467099875e+01,9.937639116672531969e-01
4.561499662037917346e+01,9.957621552062670967e-01
4.549442683153855427e+01,9.973848651035484014e-01
4.537411462919342142e+01,9.986256769494881169e-01
4.525405784230650141e+01,9.994786800400855542e-01
4.513425432725986042e+01,9.999384365825287890e-01
4.501470196736729434e+01,1.000000000000000000e+00
4.489539867239757598e+01,9.996589322653295362e-01
4.477634237810859474e+01,9.989113201956153487e-01
4.465753104579181354e+01,9.977537906428316505e-01
4.453896266182707819e+01,9.961835245185316490e-01
4.442063523724718976e+01,9.941982695942080950e-01
4.430254680731201233e+01,9.917963520225251406e-01
4.418469543109226549e+01,9.889766865286060415e-01
4.406707919106207783e+01,9.857387852247101456e-01
4.394969619270062111e+01,9.820827650060443004e-01
4.383254456410232791e+01,9.780093534900619057e-01
4.371562245559552906e+01,9.735198934663756853e-01
4.359892803936925532e+01,9.686163458293877149e-01
4.348245950910802549e+01,9.633012909708278393e-01
4.336621507963444344e+01,9.575779286146268721e-01
4.325019298655934108e+01,9.514500760818898062e-01
4.313439148593918304e+01,9.449221649791356148e-01
4.301880885394086107e+01,9.379992363084603824e-01
4.290344338651339484e+01,9.306869340037713378e-01
4.278829339906629770e+01,9.229914969027819271e-01
4.267335722615491278e+01,9.149197491699502249e-01
4.255863322117193093e+01,9.064790891910297077e-01
4.244411975604545972e+01,8.976774769653186326e-01
4.232981522094300431e+01,8.885234200270254457e-01
4.221571802398175777e+01,8.790259579324052330e-01
4.210182659094454038e+01,8.691946453544281415e-01
4.198813936500146582e+01,8.590395338316932916e-01
4.187465480643728455e+01,8.485711522230974246e-01
4.176137139238412743e+01,8.378004859243529667e-01
4.164828761655948597e+01,8.267389549068457910e-01
4.153540198900952873e+01,8.153983906434844053e-01
4.142271303585727793e+01,8.037910119900897321e-01
4.131021929905590184e+01,7.919294000945322765e-01
4.119791933614666135e+01,7.798264724091976685e-01
4.108581172002174497e+01,7.674954558854270026e-01
4.097389503869150218e+01,7.549498594313565070e-01
4.086216789505628810e+01,7.422034457170312294e-01
4.075062890668266391e+01,7.292702024128064897e-01
4.063927670558380356e+01,7.161643129488227677e-01
4.052810993800417094e+01,7.029001268848071859e-01
4.041712726420825419e+01,6.894921299805460979e-01
4.030632735827317958e+01,6.759549140581349036e-01
4.019570890788543238e+01,6.623031467474879141e-01
4.008527061414111614e+01,6.485515412066640284e-01
3.997501119135019110e+01,6.347148259082183719e-01
3.986492936684414445e+01,6.208077145821619958e-01
3.975502388078732707e+01,6.068448764050802247e-01
3.964529348599175762e+01,5.928409065236243114e-01
3.953573694773518810e+01,5.788102969989095126e-01
3.942635304358270787e+01,5.647674082563396425e-01
3.931714056321141726e+01,5.507264411230696766e-01
3.920809830823833408e+01,5.367014095326814171e-01
3.909922509205139818e+01,5.227061139737491091e-01
3.899051973964351703e+01,5.087541157557714522e-01
3.888198108744958859e+01,4.948587121625019902e-01
3.877360798318637336e+01,4.810329125590218080e-01
3.866539928569530815e+01,4.672894155149692752e-01
3.855735386478798432e+01,4.536405870022189313e-01
3.844947060109439718e+01,4.400984397209863896e-01
3.834174838591390255e+01,4.266746136038420123e-01
3.823418612106870285e+01,4.133803575424867538e-01
3.812678271875989111e+01,4.002265123773752764e-01
3.801953710142608145e+01,3.872234951854069962e-01
3.791244820160427764e+01,3.743812848959399697e-01
3.780551496179343474e+01,3.617094092603757582e-01
3.769873633432003857e+01,3.492169331954961820e-01
3.759211128120620771e+01,3.369124485156607118e-01
3.748563877403994837e+01,3.248040650638894244e-01
3.737931779384759778e+01,3.128994032468185305e-01
3.727314733096844890e+01,3.012055879734988895e-01
3.716712638493146414e+01,2.897292439930784780e-01
3.706125396433409946e+01,2.784764926215544389e-01
3.695552908672307524e+01,2.674529498430413543e-01
3.684995077847713674e+01,2.566637257663810234e-01
3.674451807469188225e+01,2.461134254134484112e-01
3.663923001906628940e+01,2.358061508111979898e-01
3.653408566379126654e+01,2.257455043553575902e-01
3.642908406943996624e+01,2.159345934097440245e-01
3.632422430485991782e+01,2.063760361014333189e-01
3.621950544706681541e+01,1.970719682685183882e-01
3.611492658114017473e+01,1.880240515138995872e-01
3.601048680012060288e+01,1.792334823155248835e-01
3.590618520490868093e+01,1.707010021407121825e-01
3.580202090416549510e+01,1.624269085096677612e-01
3.569799301421482340e+01,1.544110669510604383e-01
3.559410065894677189e+01,1.466529237905341010e-01
3.549034296972298108e+01,1.391515197113369906e-01
3.538671908528337440e+01,1.319055040248270083e-01
3.528322815165429915e+01,1.249131495874700737e-01
3.517986932205818107e+01,1.181723683000886760e-01
3.507664175682446484e+01,1.116807271245411348e-01
3.497354462330213920e+01,1.054354645527066509e-01
3.487057709577348419e+01,9.943350746262569206e-02
3.476773835536908308e+01,9.367148829688050349e-02
3.466502758998435496e+01,8.814576249880468062e-02
3.456244399419720281e+01,8.285242614286375540e-02
3.445998676918693349e+01,7.778733369654906860e-02
3.435765512265454191e+01,7.294611585236315809e-02
3.425544826874403981e+01,6.832419736993615433e-02
3.415336542796507047e+01,6.391681486998716799e-02
3.405140582711666752e+01,5.971903452372015475e-02
3.394956869921220033e+01,5.572576958330832664e-02
3.384785328340537802e+01,5.193179770135833428e-02
3.374625882491737627e+01,4.833177798964529565e-02
3.364478457496512931e+01,4.492026776995132475e-02
3.354342979069052433e+01,4.169173897251518546e-02
3.344219373509081805e+01,3.864059414038693852e-02
3.334107567694994856e+01,3.576118200086827320e-02
3.324007489077095556e+01,3.304781256818695168e-02
3.313919065670929598e+01,3.049477174458888398e-02
3.303842226050719688e+01,2.809633539011632819e-02
3.293776899342893216e+01,2.584678283446002409e-02
3.283723015219707264e+01,2.374040980741073947e-02
3.273680503892961013e+01,2.177154076757730275e-02
3.263649296107800524e+01,1.993454061216644313e-02
3.253629323136617302e+01,1.822382575372207339e-02
3.243620516773022899e+01,1.663387455278261123e-02
3.233622809325921565e+01,1.515923709842080871e-02
3.223636133613661769e+01,1.379454433156858568e-02
3.213660422958263041e+01,1.253451650888732019e-02
3.203695611179744418e+01,1.137397100770928642e-02
3.193741632590510093e+01,1.030782947523878855e-02
3.183798421989825655e+01,9.331124327750864311e-03
3.173865914658373910e+01,8.439004607952358544e-03
3.163944046352877493e+01,7.626741210966628097e-03
3.154032753300805680e+01,6.889731491561226252e-03
3.144131972195145863e+01,6.223503267250940149e-03
3.134241640189250688e+01,5.623718233772251329e-03
3.124361694891764429e+01,5.086174811132873272e-03
3.114492074361599094e+01,4.606810439990173880e-03
3.104632717103002193e+01,4.181703349500799985e-03
3.094783562060675308e+01,3.807073819009425177e-03
3.084944548614964432e+01,3.479284957006818866e-03
3.075115616577115674e+01,3.194843021686233700e-03
3.065296706184599884e+01,2.950397308163341201e-03
3.055487758096485607e+01,2.742739628001226223e-03
3.045688713388892310e+01,2.568803407100374390e-03
3.035899513550490170e+01,2.425662428278292908e-03
3.026120100478070896e+01,2.310529244978600308e-03
3.016350416472163332e+01,2.220753292520204029e-03
3.006590404232725433e+01,2.153818723129476923e-03
2.996840006854879945e+01,2.107341990698605606e-03
2.987099167824700530e+01,2.079069210788286361e-03
2.977367831015081023e+01,2.066873320850696593e-03
2.967645940681622463e+01,2.068751064996616346e-03
2.957933441458601465e+01,2.082819826877636751e-03
2.948230278354979461e+01,2.107314333408913214e-03
2.938536396750459545e+01,2.140583251129281155e-03
2.928851742391609392e+01,2.181085695992636495e-03
2.919176261388015448e+01,2.227387676317087346e-03
2.909509900208502486e+01,2.278158487495617838e-03
2.899852605677390827e+01,2.332167075903785435e-03
2.890204324970806127e+01,2.388278388235405818e-03
2.880565005613038210e+01,2.445449721266108618e-03
2.870934595472938256e+01,2.502727085795894424e-03
2.861313042760371417e+01,2.559241597264937888e-03
2.851700296022707093e+01,2.614205904280242788e-03
2.842096304141353613e+01,2.666910665043211240e-03
2.832501016328343368e+01,2.716721080437773696e-03
2.822914382122950627e+01,2.763073491333179008e-03
2.813336351388359446e+01,2.805472046482390680e-03
2.803766874308368884e+01,2.843485446262901829e-03
2.794205901384139779e+01,2.876743766418251094e-03
2.784653383430983098e+01,2.904935364921389530e-03
2.775109271575187009e+01,2.927803874100410198e-03
2.765573517250880542e+01,2.945145279248034560e-03
2.756046072196940244e+01,2.956805084082460896e-03
2.746526888453930937e+01,2.962675562642305693e-03
2.737015918361085198e+01,2.962693096485423134e-03
2.727513114553319795e+01,2.956835595422364297e-03
2.718018429958285154e+01,2.945119999451885351e-03
2.708531817793456398e+01,2.927599859079467199e-03
2.699053231563252808e+01,2.904362990790048706e-03
2.689582625056196363e+01,2.875529204113682052e-03
2.680119952342102252e+01,2.841248096466152118e-03
2.670665167769302784e+01,2.801696911764752461e-03
2.661218225961907535e+01,2.757078458710380056e-03
2.651779081817087658e+01,2.707619084588549357e-03
2.642347690502404234e+01,2.653566700470779034e-03
2.632924007453156889e+01,2.595188853790989739e-03
2.623507988369770771e+01,2.532770844424956768e-03
2.614099589215210884e+01,2.466613880610724410e-03
2.604698766212426619e+01,2.397033271309283869e-03
2.595305475841830045e+01,2.324356651913358010e-03
2.585919674838793725e+01,2.248922240562409389e-03
2.576541320191192241e+01,2.171077122708974048e-03
2.567170369136957220e+01,2.091175561999396911e-03
2.557806779161669652e+01,2.009577335975799937e-03
2.548450507996178871e+01,1.926646095569467879e-03
2.539101513614242123e+01,1.842747747833486157e-03
2.529759754230202518e+01,1.758248861848605736e-03
2.520425188296681895e+01,1.673515098224965256e-03
2.511097774502306379e+01,1.588909663108357614e-03
2.501777471769457861e+01,1.504791788077391437e-03
2.492464239252045388e+01,1.421515237781901522e-03
2.483158036333308516e+01,1.339426847618446900e-03
2.473858822623641984e+01,1.258865094160548136e-03
2.464566557958441351e+01,1.180158701455160178e-03
2.455281202395980600e+01,1.103625286658257466e-03
2.446002716215305028e+01,1.029570048807653283e-03
2.436731059914152198e+01,9.582845048164168609e-04
2.427466194206897043e+01,8.900452770125990643e-04
2.418208080022513684e+01,8.251129367474563207e-04
2.408956678502565651e+01,7.637309087427037076e-04
2.399711950999215304e+01,7.061244409455738136e-04
2.390473859073253848e+01,6.524996447071823493e-04
2.381242364492156582e+01,6.030426100938088372e-04
2.372017429228156615e+01,5.579186010816790256e-04
2.362799015456337770e+01,5.172713352735542822e-04
2.353587085552752001e+01,4.812223526102462397e-04
2.344381602092553862e+01,4.498704773328294593e-04
2.335182527848158784e+01,4.232913771831218770e-04
2.325989825787413778e+01,4.015372235125308996e-04
2.316803459071796567e+01,3.846364556047158958e-04
2.307623391054628570e+01,3.725936521081653200e-04
2.298449585279304586e+01,3.653895120235290252e-04
2.289282005477550186e+01,3.629809472005904205e-04
2.280120615567686215e+01,3.653012877745837354e-04
2.270965379652921712e+01,3.722606014150126974e-04
2.261816262019656065e+01,3.837461266761598724e-04
2.252673227135804268e+01,3.996228201315521651e-04
2.243536239649138864e+01,4.197340163490999201e-04
2.234405264385648593e+01,4.439021991242517889e-04
2.225280266347911251e+01,4.719298817400133066e-04
2.216161210713489282e+01,5.036005933700583729e-04
2.207048062833334967e+01,5.386799680892348854e-04
2.197940788230217990e+01,5.769169323096998364e-04
2.188839352597167576e+01,6.180449858254763668e-04
2.179743721795925282e+01,6.617835710285185132e-04
2.170653861855421241e+01,7.078395242600630253e-04
2.161569738970260701e+01,7.559086026870040498e-04
2.152491319499228339e+01,8.056770795486801204e-04
2.143418569963807130e+01,8.568234001092849429e-04
2.134351457046709299e+01,9.090198901791734891e-04
2.125289947590427175e+01,9.619345086386439083e-04
2.116234008595792915e+01,1.015232635013793095e-03
2.107183607220558486e+01,1.068578882819318883e-03
2.098138710777985594e+01,1.121638929100462253e-03
2.089099286735448757e+01,1.174081350378434162e-03
2.080065302713054010e+01,1.225579455032845900e-03
2.071036726482274659e+01,1.275813102042896909e-03
2.062013525964593086e+01,1.324470495957627515e-03
2.052995669230160658e+01,1.371249947975802406e-03
2.043983124496471859e+01,1.415861593088368160e-03
2.034975860127044456e+01,1.458029053371354003e-03
2.025973844630119913e+01,1.497491037714252177e-03
2.016977046657375539e+01,1.534002868527871389e-03
2.007985435002641239e+01,1.567337926295164731e-03
1.998998978600640797e+01,1.597289003207434752e-03
1.990017646525732786e+01,1.623669557564440475e-03
1.981041407990671743e+01,1.646314861108422048e-03
1.972070232345381768e+01,1.665083032005786187e-03
1.963104089075731906e+01,1.679855946783799861e-03
1.954142947802337105e+01,1.690540025169156614e-03
1.945186778279357398e+01,1.697066882457523400e-03
1.936235550393316984e+01,1.699393844763944341e-03
1.927289234161930409e+01,1.697504323259171454e-03
1.918347799732942605e+01,1.691408044281909667e-03
1.909411217382975323e+01,1.681141133027329315e-03
1.900479457516388848e+01,1.666766049342586088e-03
1.891552490664149389e+01,1.648371375005956664e-03
1.882630287482713527e+01,1.626071452722063597e-03
1.873712818752915510e+01,1.600005877926361213e-03
1.864800055378870525e+01,1.570338845352383913e-03
1.855891968386884727e+01,1.537258353169721663e-03
1.846988528924374151e+01,1.500975268344041311e-03
1.838089708258798893e+01,1.461722257697563310e-03
1.829195477776601564e+01,1.419752589953797222e-03
1.820305808982156037e+01,1.375338814829201112e-03
1.811420673496728995e+01,1.328771325981759673e-03
1.802540043057444308e+01,1.280356815337437828e-03
1.793663889516266252e+01,1.230416626985706210e-03
1.784792184838982010e+01,1.179285019460421307e-03
1.775924901104197673e+01,1.127307345798338883e-03
1.767062010502344904e+01,1.074838161290640618e-03
1.758203485334691507e+01,1.022239269309803932e-03
1.749349298012364784e+01,9.698777160016104973e-04
1.740499421055382356e+01,9.181237449777085013e-04
1.731653827091689024e+01,8.673487234252588154e-04
1.722812488856206059e+01,8.179230512650896351e-04
1.713975379189884052e+01,7.702140651368370814e-04
1.705142471038768548e+01,7.245839490676428320e-04
1.696313737453070658e+01,6.813876636894605808e-04
1.687489151586246194e+01,6.409709058085935347e-04
1.678668686694082623e+01,6.036681099998984258e-04
1.669852316133794901e+01,5.698005036978140078e-04
1.661040013363127343e+01,5.396742269879091242e-04
1.652231751939462967e+01,5.135785279675290655e-04
1.643427505518943477e+01,4.917840441441851534e-04
1.634627247855590682e+01,4.745411798777516730e-04
1.625830952800442475e+01,4.620785893500593583e-04
1.617038594300688814e+01,4.546017739660162290e-04
1.608250146398819780e+01,4.522918024573312256e-04
1.599465583231780386e+01,4.553041612769609869e-04
1.590684879030127341e+01,4.637677421435251485e-04
1.581908008117200737e+01,4.777839728243880651e-04
1.573134944908294308e+01,4.974260964384833155e-04
1.564365663909837778e+01,5.227386037199502474e-04
1.555600139718585595e+01,5.537368218162506701e-04
1.546838347020808158e+01,5.904066623047882949e-04
1.538080260591492632e+01,6.327045302053782919e-04
1.529325855293551761e+01,6.805573948476092896e-04
1.520575106077034100e+01,7.338630225276641592e-04
1.511827987978346144e+01,7.924903699639521300e-04
1.503084476119474466e+01,8.562801366404777488e-04
1.494344545707219041e+01,9.250454732166790489e-04
1.485608172032431007e+01,9.985728422878946842e-04
1.476875330469253988e+01,1.076623026906970435e-03
1.468145996474376425e+01,1.158932281429978818e-03
1.459420145586283546e+01,1.245213618432591601e-03
1.450697753424519121e+01,1.335158224663177736e-03
1.441978795688954484e+01,1.428436998258743188e-03
1.433263248159055081e+01,1.524702198754843705e-03
1.424551086693162638e+01,1.623589200774602608e-03
1.415842287227776097e+01,1.724718341688737501e-03
1.407136825776840894e+01,1.827696853001636521e-03
1.398434678431041611e+01,1.932120864741022773e-03
1.389735821357101209e+01,2.037577471713454373e-03
1.381040230797085755e+01,2.143646850137257819e-03
1.372347883067712715e+01,2.249904412880452103e-03
1.363658754559667052e+01,2.355922991315421555e-03
1.354972821736918043e+01,2.461275031655791885e-03
1.346290061136046035e+01,2.565534793564854411e-03
1.337610449365569742e+01,2.668280538819463310e-03
1.328933963105281535e+01,2.769096697878486307e-03
1.320260579105586451e+01,2.867576002340115667e-03
1.311590274186844951e+01,2.963321571476858120e-03
1.302923025238721344e+01,3.055948941309509243e-03
1.294258809219536488e+01,3.145088025020066624e-03
1.285597603155626345e+01,3.230384993906460812e-03
1.276939384140702138e+01,3.311504068546526798e-03
1.268284129335219212e+01,3.388129210362223875e-03
1.259631815965745183e+01,3.459965704354170651e-03
1.250982421324335725e+01,3.526741624408210370e-03
1.242335922767915690e+01,3.588209173255407607e-03
1.233692297717661113e+01,3.644145889891405900e-03
1.225051523658387431e+01,3.694355718025198188e-03
1.216413578137942331e+01,3.738669929927408968e-03
1.207778438766599471e+01,3.776947900878643068e-03
1.199146083216461989e+01,3.809077730275054526e-03
1.190516489220863683e+01,3.834976706325448573e-03
1.181889634573779801e+01,3.854591612167122209e-03
1.173265497129236579e+01,3.867898872130904643e-03
1.164644054800727879e+01,3.874904537794086369e-03
1.156025285560635574e+01,3.875644114368103667e-03
1.147409167439652578e+01,3.870182228870300105e-03
1.138795678526209976e+01,3.858612142420866746e-03
1.130184796965907346e+01,3.841055109881963241e-03
1.121576500960947165e+01,3.817659590910773160e-03
1.112970768769574015e+01,3.788600317327194510e-03
1.104367578705515207e+01,3.754077222495165282e-03
1.095766909137425316e+01,3.714314239179630772e-03
1.087168738488336217e+01,3.669557973064714249e-03
1.078573045235107308e+01,3.620076259798478586e-03
1.069979807907882119e+01,3.566156614062151835e-03
1.061389005089545812e+01,3.508104579743172909e-03
1.052800615415188368e+01,3.446241990818730942e-03
1.044214617571568482e+01,3.380905153026726295e-03
1.035630990296582432e+01,3.312442956811831665e-03
1.027049712378735791e+01,3.241214932383241869e-03
1.018470762656617623e+01,3.167589258006133553e-03
1.009894120018378594e+01,3.091940732869308261e-03
1.001319763401212093e+01,3.014648726025878720e-03
9.927476717908364279e+00,2.936095112991728932e-03
9.841778242209832328e+00,2.856662211607352564e-03
9.756101997728872988e+00,2.776730728722795038e-03
9.670447775747772923e+00,2.696677729153454817e-03
9.584815368013739345e+00,2.616874638177149083e-03
9.499204566733851607e+00,2.537685288601537227e-03
9.413615164570099836e+00,2.459464023127409023e-03
9.328046954634407584e+00,2.382553862369444012e-03
9.242499730483700660e+00,2.307284748474317405e-03
9.156973286115007937e+00,2.233971873799036126e-03
9.071467415960562164e+00,2.162914103583241966e-03
8.985981914882959387e+00,2.094392500971270152e-03
8.900516578170339699e+00,2.028668962116399969e-03
8.815071201531546663e+00,1.965984968435045312e-03
8.729645581091395101e+00,1.906560462376481573e-03
8.644239513385878482e+00,1.850592852338400025e-03
8.558852795357465126e+00,1.798256151594588691e-03
8.473485224350383760e+00,1.749700255312873140e-03
8.388136598105939257e+00,1.705050358933875949e-03
8.302806714757863915e+00,1.664406520358780589e-03
8.217495372827675837e+00,1.627843367562296917e-03
8.132202371220067505e+00,1.595409952409893029e-03
8.046927509218324559e+00,1.567129750621213194e-03
7.961670586479748124e+00,1.543000806989331796e-03
7.876431403031123324e+00,1.522996024142654007e-03
7.791209759264183354e+00,1.507063592327893874e-03
7.706005455931113524e+00,1.495127556902976383e-03
7.620818294140075722e+00,1.487088519462588954e-03
7.535648075350739106e+00,1.482824467780680718e-03
7.450494601369851644e+00,1.482191729047553121e-03
7.365357674346809880e+00,1.485026040208371539e-03
7.280237096769267779e+00,1.491143728578460696e-03
7.195132671458753570e+00,1.500342995322136120e-03
7.110044201566318556e+00,1.512405293839384334e-03
7.024971490568176158e+00,1.527096794610882874e-03
6.939914342261403135e+00,1.544169927609814448e-03
6.854872560759617706e+00,1.563364993000360571e-03
6.769845950488704744e+00,1.584411830509980645e-03
6.684834316182547198e+00,1.607031537586970467e-03
6.599837462878766381e+00,1.630938226237677426e-03
6.514855195914505792e+00,1.655840808280015187e-03
6.429887320922202498e+00,1.681444798652085041e-03
6.344933643825392267e+00,1.707454126376931232e-03
6.259993970834534238e+00,1.733572942806682182e-03
6.175068108442834713e+00,1.759507416850912510e-03
6.090155863422105575e+00,1.784967507034181718e-03
6.005257042818634261e+00,1.809668700425240331e-03
5.920371453949051066e+00,1.833333708733682127e-03
5.835498904396247077e+00,1.855694112177126926e-03
5.750639202005265460e+00,1.876491942081195486e-03
5.665792154879246034e+00,1.895481193583021433e-03
5.580957571375364523e+00,1.912429260264340456e-03
5.496135260100775355e+00,1.927118283039117551e-03
5.411325029908602424e+00,1.939346406160231745e-03
5.326526689893906763e+00,1.948928933786299748e-03
5.241740049389695066e+00,1.955699381159946466e-03
5.156964917962925554e+00,1.959510415088649461e-03
5.072201105410537814e+00,1.960234679085065459e-03
4.987448421755483530e+00,1.957765499211171299e-03
4.902706677242779421e+00,1.952017467375736105e-03
4.817975682335574383e+00,1.942926899553140511e-03
4.733255247711219305e+00,1.930452167119318637e-03
4.648545184257351970e+00,1.914573900233085052e-03
4.563845303068002401e+00,1.895295062924391358e-03
4.479155415439695531e+00,1.872640900280496054e-03
4.394475332867581407e+00,1.846658758842738800e-03
4.309804867041556520e+00,1.817417782036300292e-03
4.225143829842416210e+00,1.785008483149079809e-03
4.140492033338002642e+00,1.749542199049640683e-03
4.055849289779374978e+00,1.711150428484468650e-03
3.971215411596976441e+00,1.669984059417836111e-03
3.886590211396823591e+00,1.626212490470069650e-03
3.801973501956699142e+00,1.580022652068827473e-03
3.717365096222355891e+00,1.531617933450015075e-03
3.632764807303728638e+00,1.481217022127722998e-03
3.548172448471156759e+00,1.429052662893303067e-03
3.463587833151613005e+00,1.375370343800582512e-03
3.379010774924947835e+00,1.320426916944907785e-03
3.294441087520131095e+00,1.264489162147033798e-03
3.209878584811512336e+00,1.207832301907087267e-03
3.125323080815082033e+00,1.150738476198246525e-03
3.040774389684745227e+00,1.093495185823384558e-03
2.956232325708602726e+00,1.036393713160483612e-03
2.871696703305233189e+00,9.797275291739376401e-04
2.787167337019988533e+00,9.237906955690967491e-04
2.702644041521298224e+00,8.688762709170933180e-04
2.618126631596972675e+00,8.152747294768574468e-04
2.533614922150520865e+00,7.632724012923527068e-04
2.449108728197467055e+00,7.131499419467835377e-04
2.364607864861680842e+00,6.651808401134381510e-04
2.280112147371707643e+00,6.196299707567799872e-04
2.195621391057108518e+00,5.767522015095314291e-04
2.111135411344803536e+00,5.367910593840524757e-04
2.026654023755419143e+00,4.999774645719284264e-04
1.942177043899644406e+00,4.665285376469939451e-04
1.857704287474589933e+00,4.366464860169940723e-04
1.773235570260151661e+00,4.105175749707613776e-04
1.688770708115377994e+00,3.883111881443357936e-04
1.604309516974844918e+00,3.701789816842397901e-04
1.519851812845030015e+00,3.562541358225071258e-04
1.435397411800695577e+00,3.466507069995434327e-04
1.350946129981271504e+00,3.414630830810061793e-04
1.266497783587244408e+00,3.407655436171955102e-04
1.182052188876547838e+00,3.446119264914942939e-04
1.097609162160957608e+00,3.530354017017811293e-04
1.013168519802488898e+00,3.660483524189380019e-04
9.287300782097958063e-01,3.836423628731067906e-04
8.442936538345745534e-01,4.057883120345515972e-04
7.598590631679684737e-01,4.324365714852029829e-04
6.754261227369752207e-01,4.635173053223364654e-04
5.909946491008541969e-01,4.989408694004570256e-04
5.065644588475401999e-01,5.385983067041969202e-04
4.221353685900534614e-01,5.823619351566139196e-04
3.377071949629144587e-01,6.300860237063163945e-04
2.532797546185582283e-01,6.816075521056124027e-04
1.688528642237507871e-01,7.367470493925913069e-04
8.442634045600541648e-02,7.953095057246516207e-04
-0.000000000000000000e+00,8.570853518811566429e-04
-8.442634045600541648e-02,9.218515004600993674e-04
-1.688528642237507871e-01,9.893724425392188930e-04
-2.532797546185582283e-01,1.059401393356784390e-03
-3.377071949629144587e-01,1.131681480392135843e-03
-4.221353685900534614e-01,1.205946967091387715e-03
-5.065644588475401999e-01,1.281924505389871703e-03
-5.909946491008541969e-01,1.359334410129730110e-03
-6.754261227369752207e-01,1.437891948458472954e-03
-7.598590631679684737e-01,1.517308637321678703e-03
-8.442936538345745534e-01,1.597293542229681574e-03
-9.287300782097958063e-01,1.677554570583018054e-03
-1.013168519802488898e+00,1.757799752983499981e-03
-1.097609162160957608e+00,1.837738506135605000e-03
-1.182052188876547838e+00,1.917082871154773827e-03
-1.266497783587244408e+00,1.995548721343564941e-03
-1.350946129981271504e+00,2.072856933771262660e-03
-1.435397411800695577e+00,2.148734519295561213e-03
-1.519851812845030015e+00,2.222915705993938878e-03
-1.604309516974844918e+00,2.295142971324978364e-03
-1.688770708115377994e+00,2.365168018713704155e-03
-1.773235570260151661e+00,2.432752694647277465e-03
-1.857704287474589933e+00,2.497669842775579897e-03
-1.942177043899644406e+00,2.559704091932535255e-03
-2.026654023755419143e+00,2.618652575425600357e-03
-2.111135411344803536e+00,2.674325579380049112e-03
-2.195621391057108518e+00,2.726547118368562519e-03
-2.280112147371707643e+00,2.775155437002396579e-03
-2.364607864861680842e+00,2.820003436605365323e-03
-2.449108728197467055e+00,2.860959026533224994e-03
-2.533614922150520865e+00,2.897905400136113144e-03
-2.618126631596972675e+00,2.930741235787932310e-03
-2.702644041521298224e+00,2.959380823821516383e-03
-2.787167337019988533e+00,2.983754120609491498e-03
-2.871696703305233189e+00,3.003806731415966779e-03
-2.956232325708602726e+00,3.019499824011215305e-03
-3.040774389684745227e+00,3.030809975388340603e-03
-3.125323080815082033e+00,3.037728954245967356e-03
-3.209878584811512336e+00,3.040263442202287454e-03
-3.294441087520131095e+00,3.038434696982071897e-03
-3.379010774924947835e+00,3.032278161068067100e-03
-3.463587833151613005e+00,3.021843019530586101e-03
-3.548172448471156759e+00,3.007191710943028177e-03
-3.632764807303728638e+00,2.988399395455768482e-03
-3.717365096222355891e+00,2.965553384235958267e-03
-3.801973501956699142e+00,2.938752534585972482e-03
-3.886590211396823591e+00,2.908106615128061047e-03
-3.971215411596976441e+00,2.873735645487857700e-03
-4.055849289779374978e+00,2.835769214924491535e-03
-4.140492033338002642e+00,2.794345784340965602e-03
-4.225143829842416210e+00,2.749611976065708188e-03
-4.309804867041556520e+00,2.701721855725619948e-03
-4.394475332867581407e+00,2.650836210433551391e-03
-4.479155415439695531e+00,2.597121827390093483e-03
-4.563845303068002401e+00,2.540750776852248802e-03
-4.648545184257351970e+00,2.481899703251241613e-03
-4.733255247711219305e+00,2.420749128050309323e-03
-4.817975682335574383e+00,2.357482767722200636e-03
-4.902706677242779421e+00,2.292286869997350353e-03
-4.987448421755483530e+00,2.225349571289102560e-03
-5.072201105410537814e+00,2.156860277943844616e-03
-5.156964917962925554e+00,2.087009073693850414e-03
-5.241740049389695066e+00,2.015986155410657427e-03
-5.326526689893906763e+00,1.943981298969524709e-03
-5.411325029908602424e+00,1.871183356742793947e-03
-5.496135260100775355e+00,1.797779787944169330e-03
-5.580957571375364523e+00,1.723956222749039278e-03
-5.665792154879246034e+00,1.649896060820362073e-03
-5.750639202005265460e+00,1.575780104577148956e-03
-5.835498904396247077e+00,1.501786227255571746e-03
-5.920371453949051066e+00,1.428089075532882691e-03
-6.005257042818634261e+00,1.354859806213914563e-03
-6.090155863422105575e+00,1.282265856220372044e-03
-6.175068108442834713e+00,1.210470744876577468e-03
-6.259993970834534238e+00,1.139633907253062963e-03
-6.344933643825392267e+00,1.069910557113121132e-03
-6.429887320922202498e+00,1.001451577808380126e-03
-6.514855195914505792e+00,9.344034392890240934e-04
-6.599837462878766381e+00,8.689081392333418115e-04
-6.684834316182547198e+00,8.051031661609369446e-04
-6.769845950488704744e+00,7.431214822748910456e-04
-6.854872560759617706e+00,6.830915236810475646e-04
-6.939914342261403135e+00,6.251372155578224614e-04
-7.024971490568176158e+00,5.693779997979041144e-04
-7.110044201566318556e+00,5.159288726138945786e-04
-7.195132671458753570e+00,4.649004295934292138e-04
-7.280237096769267779e+00,4.163989157052903011e-04
-7.365357674346809880e+00,3.705262777962483895e-04
-7.450494601369851644e+00,3.273802171781555587e-04
-7.535648075350739106e+00,2.870542399856393454e-04
-7.620818294140075722e+00,2.496377030857019450e-04
-7.706005455931113524e+00,2.152158534406464329e-04
-7.791209759264183354e+00,1.838698589639898044e-04
-7.876431403031123324e+00,1.556768290641319808e-04
-7.961670586479748124e+00,1.307098232411503915e-04
-8.046927509218324559e+00,1.090378462868450520e-04
-8.132202371220067505e+00,9.072582883541251706e-05
-8.217495372827675837e+00,7.583459222037352285e-05
-8.302806714757863915e+00,6.442079681083998902e-05
-8.388136598105939257e+00,5.653687322518414631e-05
-8.473485224350383760e+00,5.223093605084622241e-05
-8.558852795357465126e+00,5.154667993357412884e-05
-8.644239513385878482e+00,5.452325813593953031e-05
-8.729645581091395101e+00,6.119514390170114205e-05
-8.815071201531546663e+00,7.159197519758785664e-05
-8.900516578170339699e+00,8.573838363553388804e-05
-8.985981914882959387e+00,1.036538086044835606e-04
-9.071467415960562164e+00,1.253522978598365831e-04
-9.156973286115007937e+00,1.508422960286851975e-04
-9.242499730483700660e+00,1.801264226885682454e-04
-9.328046954634407584e+00,2.132012418649411006e-04
-9.413615164570099836e+00,2.500570249664337951e-04
-9.499204566733851607e+00,2.906775093358823715e-04
-9.584815368013739345e+00,3.350396547377195821e-04
-9.670447775747772923e+00,3.831134002274898514e-04
-9.756101997728872988e+00,4.348614239559102910e-04
-9.841778242209832328e+00,4.902389085471255993e-04
-9.927476717908364279e+00,5.491933147578071783e-04
-1.001319763401212093e+01,6.116641661699001500e-04
-1.009894120018378594e+01,6.775828476945624720e-04
-1.018470762656617623e+01,7.468724206679009997e-04
-1.027049712378735791e+01,8.194474573001806362e-04
-1.035630990296582432e+01,8.952138971993074245e-04
-1.044214617571568482e+01,9.740689286266052170e-04
-1.052800615415188368e+01,1.055900897058467030e-03
-1.061389005089545812e+01,1.140589243521786299e-03
-1.069979807907882119e+01,1.228004475044743981e-03
-1.078573045235107308e+01,1.318008169418067536e-03
-1.087168738488336217e+01,1.410453016296403126e-03
-1.095766909137425316e+01,1.505182896485606327e-03
-1.104367578705515207e+01,1.602033001060837935e-03
-1.112970768769574015e+01,1.700829991743536308e-03
-1.121576500960947165e+01,1.801392203733911870e-03
-1.130184796965907346e+01,1.903529891950905871e-03
-1.138795678526209976e+01,2.007045521375404491e-03
-1.147409167439652578e+01,2.111734101926061868e-03
-1.156025285560635574e+01,2.217383568022449243e-03
-1.164644054800727879e+01,2.323775202708895822e-03
-1.173265497129236579e+01,2.430684105926204236e-03
-1.181889634573779801e+01,2.537879706229304033e-03
-1.190516489220863683e+01,2.645126314958580298e-03
-1.199146083216461989e+01,2.752183721583074168e-03
-1.207778438766599471e+01,2.858807828646902065e-03
-1.216413578137942331e+01,2.964751324467806634e-03
-1.225051523658387431e+01,3.069764391460836836e-03
-1.233692297717661113e+01,3.173595447692386176e-03
-1.242335922767915690e+01,3.275991919012058960e-03
-1.250982421324335725e+01,3.376701038863943929e-03
-1.259631815965745183e+01,3.475470672646242560e-03
-1.268284129335219212e+01,3.572050163270764321e-03
-1.276939384140702138e+01,3.666191194372857721e-03
-1.285597603155626345e+01,3.757648667439289752e-03
-1.294258809219536488e+01,3.846181588957998856e-03
-1.302923025238721344e+01,3.931553963550343637e-03
-1.311590274186844951e+01,4.013535688924907072e-03
-1.320260579105586451e+01,4.091903448392800353e-03
-1.328933963105281535e+01,4.166441596608697236e-03
-1.337610449365569742e+01,4.236943034150061210e-03
-1.346290061136046035e+01,4.303210066520090672e-03
-1.354972821736918043e+01,4.365055243157620404e-03
-1.363658754559667052e+01,4.422302172060479930e-03
-1.372347883067712715e+01,4.474786305677207199e-03
-1.381040230797085755e+01,4.522355693795795592e-03
-1.389735821357101209e+01,4.564871699256985507e-03
-1.398434678431041611e+01,4.602209672443154445e-03
-1.407136825776840894e+01,4.634259580641610261e-03
-1.415842287227776097e+01,4.660926588552474249e-03
-1.424551086693162638e+01,4.682131586405464084e-03
-1.433263248159055081e+01,4.697811662365786872e-03
-1.441978795688954484e+01,4.707920516146149245e-03
-1.450697753424519121e+01,4.712428810998256674e-03
-1.459420145586283546e+01,4.711324461531723670e-03
-1.468145996474376425e+01,4.704612855099849812e-03
-1.476875330469253988e+01,4.692317004798541441e-03
-1.485608172032431007e+01,4.674477632445227064e-03
-1.494344545707219041e+01,4.651153180237030046e-03
-1.503084476119474466e+01,4.622419750130497655e-03
-1.511827987978346144e+01,4.588370970336042888e-03
-1.520575106077034100e+01,4.549117788678210504e-03
-1.529325855293551761e+01,4.504788192934779285e-03
-1.538080260591492632e+01,4.455526858632685369e-03
-1.546838347020808158e+01,4.401494725143850067e-03
-1.555600139718585595e+01,4.342868501288033381e-03
-1.564365663909837778e+01,4.279840102009970816e-03
-1.573134944908294308e+01,4.212616018053262634e-03
-1.581908008117200737e+01,4.141416620900755484e-03
-1.590684879030127341e+01,4.066475405589397088e-03
-1.599465583231780386e+01,3.988038174334517481e-03
-1.608250146398819780e+01,3.906362164212167330e-03
-1.617038594300688814e+01,3.821715122447341597e-03
-1.625830952800442475e+01,3.734374333138249565e-03
-1.634627247855590682e+01,3.644625599511321090e-03
-1.643427505518943477e+01,3.552762186046349441e-03
-1.652231751939462967e+01,3.459083725035033696e-03
-1.661040013363127343e+01,3.363895092337710821e-03
-1.669852316133794901e+01,3.267505257281173338e-03
-1.678668686694082623e+01,3.170226111794181064e-03
-1.687489151586246194e+01,3.072371284005527385e-03
-1.696313737453070658e+01,2.974254941631766010e-03
-1.705142471038768548e+01,2.876190590557170263e-03
-1.713975379189884052e+01,2.778489874056753930e-03
-1.722812488856206059e+01,2.681461378133912204e-03
-1.731653827091689024e+01,2.585409448437295428e-03
-1.740499421055382356e+01,2.490633024186806547e-03
-1.749349298012364784e+01,2.397424494476285001e-03
-1.758203485334691507e+01,2.306068582230831349e-03
-1.767062010502344904e+01,2.216841260980104492e-03
-1.775924901104197673e+01,2.130008709466053689e-03
-1.784792184838982010e+01,2.045826308934945489e-03
-1.793663889516266252e+01,1.964537687770206813e-03
-1.802540043057444308e+01,1.886373817905438689e-03
-1.811420673496728995e+01,1.811552167216990599e-03
-1.820305808982156037e+01,1.740275911834231713e-03
-1.829195477776601564e+01,1.672733212023994748e-03
-1.838089708258798893e+01,1.609096555005537802e-03
-1.846988528924374151e+01,1.549522167734971104e-03
-1.855891968386884727e+01,1.494149502365188032e-03
-1.864800055378870525e+01,1.443100796740706508e-03
-1.873712818752915510e+01,1.396480711928117010e-03
-1.882630287482713527e+01,1.354376048414001775e-03
-1.891552490664149389e+01,1.316855542225102080e-03
-1.900479457516388848e+01,1.283969741842173017e-03
-1.909411217382975323e+01,1.255750966391171869e-03
-1.918347799732942605e+01,1.232213345205470561e-03
-1.927289234161930409e+01,1.213352938462341699e-03
-1.936235550393316984e+01,1.199147938208341979e-03
-1.945186778279357398e+01,1.189558948703143453e-03
-1.954142947802337105e+01,1.184529344632031383e-03
-1.963104089075731906e+01,1.183985705365457912e-03
-1.972070232345381768e+01,1.187838323081715766e-03
-1.981041407990671743e+01,1.195981782217789063e-03
-1.990017646525732786e+01,1.208295607375478326e-03
-1.998998978600640797e+01,1.224644976486761886e-03
-2.007985435002641239e+01,1.244881495735646959e-03
-2.016977046657375539e+01,1.268844032444924443e-03
-2.025973844630119913e+01,1.296359601866917599e-03
-2.034975860127044456e+01,1.327244303568572616e-03
-2.043983124496471859e+01,1.361304302874553158e-03
-2.052995669230160658e+01,1.398336852628271178e-03
-2.062013525964593086e+01,1.438131350351172814e-03
-2.071036726482274659e+01,1.480470425725762592e-03
-2.080065302713054010e+01,1.525131053198748241e-03
-2.089099286735448757e+01,1.571885684397668608e-03
-2.098138710777985594e+01,1.620503394978077940e-03
-2.107183607220558486e+01,1.670751040468999946e-03
-2.116234008595792915e+01,1.722394415662156742e-03
-2.125289947590427175e+01,1.775199412095421463e-03
-2.134351457046709299e+01,1.828933168213001722e-03
-2.143418569963807130e+01,1.883365206843662116e-03
-2.152491319499228339e+01,1.938268554723634150e-03
-2.161569738970260701e+01,1.993420838901995701e-03
-2.170653861855421241e+01,2.048605355002849817e-03
-2.179743721795925282e+01,2.103612102479583343e-03
-2.188839352597167576e+01,2.158238782181011624e-03
-2.197940788230217990e+01,2.212291751756480761e-03
-2.207048062833334967e+01,2.265586934655507492e-03
-2.216161210713489282e+01,2.317950678726433174e-03
-2.225280266347911251e+01,2.369220560686305117e-03
-2.234405264385648593e+01,2.419246133019340231e-03
-2.243536239649138864e+01,2.467889610162573698e-03
-2.252673227135804268e+01,2.515026491152737038e-03
-2.261816262019656065e+01,2.560546116236761885e-03
-2.270965379652921712e+01,2.604352155287544424e-03
-2.280120615567686215e+01,2.646363026215182469e-03
-2.289282005477550186e+01,2.686512241919912329e-03
-2.298449585279304586e+01,2.724748684694635551e-03
-2.307623391054628570e+01,2.761036807350365514e-03
-2.316803459071796567e+01,2.795356760705347381e-03
-2.325989825787413778e+01,2.827704447445954748e-03
-2.335182527848158784e+01,2.858091502733233185e-03
-2.344381602092553862e+01,2.886545202290894448e-03
-2.353587085552752001e+01,2.913108299067176162e-03
-2.362799015456337770e+01,2.937838789912330332e-03
-2.372017429228156615e+01,2.960809614053893681e-03
-2.381242364492156582e+01,2.982108285481660254e-03
-2.390473859073253848e+01,3.001836461671725069e-03
-2.399711950999215304e+01,3.020109451382665174e-03
-2.408956678502565651e+01,3.037055664545324028e-03
-2.418208080022513684e+01,3.052816007539277225e-03
-2.427466194206897043e+01,3.067543227402823834e-03
-2.436731059914152198e+01,3.081401208757752076e-03
-2.446002716215305028e+01,3.094564227444385543e-03
-2.455281202395980600e+01,3.107216165055200294e-03
-2.464566557958441351e+01,3.119549688725954846e-03
-2.473858822623641984e+01,3.131765400691019323e-03
-2.483158036333308516e+01,3.144070962233521272e-03
-2.492464239252045388e+01,3.156680196760829234e-03
-2.501777471769457861e+01,3.169812176811167420e-03
-2.511097774502306379e+01,3.183690299847489590e-03
-2.520425188296681895e+01,3.198541357720157373e-03
-2.529759754230202518e+01,3.214594604680119649e-03
-2.539101513614242123e+01,3.232080828799666072e-03
-2.548450507996178871e+01,3.251231431608204731e-03
-2.557806779161669652e+01,3.272277520676605649e-03
-2.567170369136957220e+01,3.295449019785654660e-03
-2.576541320191192241e+01,3.320973801192740691e-03
-2.585919674838793725e+01,3.349076844366772991e-03
-2.595305475841830045e+01,3.379979425395251980e-03
-2.604698766212426619e+01,3.413898341080248960e-03
-2.614099589215210884e+01,3.451045171532841557e-03
-2.623507988369770771e+01,3.491625584849543298e-03
-2.632924007453156889e+01,3.535838687210191879e-03
-2.642347690502404234e+01,3.583876421476579061e-03
-2.651779081817087658e+01,3.635923017095467075e-03
-2.661218225961907535e+01,3.692154493820448084e-03
-2.670665167769302784e+01,3.752738221465645122e-03
-2.680119952342102252e+01,3.817832537592082132e-03
-2.689582625056196363e+01,3.887586424706256441e-03
-2.699053231563252808e+01,3.962139248221664516e-03
-2.708531817793456398e+01,4.041620556099487747e-03
-2.718018429958285154e+01,4.126149940745795462e-03
-2.727513114553319795e+01,4.215836963401537948e-03
-2.737015918361085198e+01,4.310781140919471045e-03
-2.746526888453930937e+01,4.411071994481359157e-03
-2.756046072196940244e+01,4.516789159470254930e-03
-2.765573517250880542e+01,4.628002555378736040e-03
-2.775109271575187009e+01,4.744772614305891277e-03
-2.784653383430983098e+01,4.867150566275382263e-03
-2.794205901384139779e+01,4.995178779295669953e-03
-2.803766874308368884e+01,5.128891151782859724e-03
-2.813336351388359446e+01,5.268313554678293910e-03
-2.822914382122950627e+01,5.413464320318226580e-03
-2.832501016328343368e+01,5.564354774853058107e-03
-2.842096304141353613e+01,5.720989810770027613e-03
-2.851700296022707093e+01,5.883368495847041309e-03
-2.861313042760371417e+01,6.051484714657604132e-03
-2.870934595472938256e+01,6.225327838558802375e-03
-2.880565005613038210e+01,6.404883419926427936e-03
-2.890204324970806127e+01,6.590133906255084620e-03
-2.899852605677390827e+01,6.781059369616636648e-03
-2.909509900208502486e+01,6.977638246868641397e-03
-2.919176261388015448e+01,7.179848085925646765e-03
-2.928851742391609392e+01,7.387666293351289638e-03
-2.938536396750459545e+01,7.601070878497612031e-03
-2.948230278354979461e+01,7.820041189410788934e-03
-2.957933441458601465e+01,8.044558635739126537e-03
-2.967645940681622463e+01,8.274607393919887824e-03
-2.977367831015081023e+01,8.510175089985924993e-03
-2.987099167824700530e+01,8.751253455421369523e-03
-2.996840006854879945e+01,8.997838951606464825e-03
-3.006590404232725433e+01,9.249933358525865360e-03
-3.016350416472163332e+01,9.507544323570404562e-03
-3.026120100478070896e+01,9.770685866439702411e-03
-3.035899513550490170e+01,1.003937883635079055e-02
-3.045688713388892310e+01,1.031365131797539261e-02
-3.055487758096485607e+01,1.059353898276473201e-02
-3.065296706184599884e+01,1.087908538257439071e-02
-3.075115616577115674e+01,1.117034218277197961e-02
-3.084944548614964432e+01,1.146736933229581049e-02
-3.094783562060675308e+01,1.177023516843199447e-02
-3.104632717103002193e+01,1.207901645438932102e-02
-3.114492074361599094e+01,1.239379834807416078e-02
-3.124361694891764429e+01,1.271467430080054466e-02
-3.134241640189250688e+01,1.304174588501077342e-02
-3.144131972195145863e+01,1.337512255043008143e-02
-3.154032753300805680e+01,1.371492130843043888e-02
-3.163944046352877493e+01,1.406126634473490143e-02
-3.173865914658373910e+01,1.441428856095116999e-02
-3.183798421989825655e+01,1.477412504578086774e-02
-3.193741632590510093e+01,1.514091847710683121e-02
-3.203695611179744418e+01,1.551481645651446237e-02
-3.213660422958263041e+01,1.589597077815085510e-02
-3.223636133613661769e+01,1.628453663416762690e-02
-3.233622809325921565e+01,1.668067175932778923e-02
-3.243620516773022899e+01,1.708453551768119444e-02
-3.253629323136617302e+01,1.749628793452735753e-02
-3.263649296107800524e+01,1.791608867718532533e-02
-3.273680503892961013e+01,1.834409598837869956e-02
-3.283723015219707264e+01,1.878046557631582458e-02
-3.293776899342893216e+01,1.922534946580168463e-02
-3.303842226050719688e+01,1.967889481495716658e-02
-3.313919065670929598e+01,2.014124270234081415e-02
-3.324007489077095556e+01,2.061252688946913977e-02
-3.334107567694994856e+01,2.109287256391121149e-02
-3.344219373509081805e+01,2.158239506829135942e-02
-3.354342979069052433e+01,2.208119862067049397e-02
-3.364478457496512931e+01,2.258937503188877122e-02
-3.374625882491737627e+01,2.310700242554303285e-02
-3.384785328340537802e+01,2.363414396633732248e-02
-3.394956869921220033e+01,2.417084660258637940e-02
-3.405140582711666752e+01,2.471713982866935097e-02
-3.415336542796507047e+01,2.527303447322181568e-02
-3.425544826874403981e+01,2.583852151882265122e-02
-3.435765512265454191e+01,2.641357095887407469e-02
-3.445998676918693349e+01,2.699813069729119913e-02
-3.456244399419720281e+01,2.759212549651132024e-02
-3.466502758998435496e+01,2.819545597920259522e-02
-3.476773835536908308e+01,2.880799768889793708e-02
-3.487057709577348419e+01,2.942960021460374470e-02
-3.497354462330213920e+01,3.006008638423373833e-02
-3.507664175682446484e+01,3.069925153149810279e-02
-3.517986932205818107e+01,3.134686284063720879e-02
-3.528322815165429915e+01,3.200265877312887669e-02
-3.538671908528337440e+01,3.266634858021871812e-02
-3.549034296972298108e+01,3.333761190482677217e-02
-3.559410065894677189e+01,3.401609847607046933e-02
-3.569799301421482340e+01,3.470142789931647542e-02
-3.580202090416549510e+01,3.539318954433132852e-02
-3.590618520490868093e+01,3.609094253374792866e-02
-3.601048680012060288e+01,3.679421583369878179e-02
-3.611492658114017473e+01,3.750250844809305262e-02
-3.621950544706681541e+01,3.821528971763154398e-02
-3.632422430485991782e+01,3.893199972426535094e-02
-3.642908406943996624e+01,3.965204980140931562e-02
-3.653408566379126654e+01,4.037482314982543397e-02
-3.663923001906628940e+01,4.109967555869141476e-02
-3.674451807469188225e+01,4.182593623097187463e-02
-3.684995077847713674e+01,4.255290871181172108e-02
-3.695552908672307524e+01,4.327987191827725039e-02
-3.706125396433409946e+01,4.400608126838162493e-02
-3.716712638493146414e+01,4.473076990694729860e-02
-3.727314733096844890e+01,4.545315002548369621e-02
-3.737931779384759778e+01,4.617241427289208583e-02
-3.748563877403994837e+01,4.688773725345402738e-02
-3.759211128120620771e+01,4.759827710821787350e-02
-3.769873633432003857e+01,4.830317717556736196e-02
-3.780551496179343474e+01,4.900156772644261721e-02
-3.791244820160427764e+01,4.969256776938543035e-02
-3.801953710142608145e+01,5.037528692029932809e-02
-3.812678271875989111e+01,5.104882733155312324e-02
-3.823418612106870285e+01,5.171228567481240407e-02
-3.834174838591390255e+01,5.236475517176243655e-02
-3.844947060109439718e+01,5.300532766668215184e-02
-3.855735386478798432e+01,5.363309573465240704e-02
-3.866539928569530815e+01,5.424715481902202263e-02
-3.877360798318637336e+01,5.484660539162473925e-02
-3.888198108744958859e+01,5.543055512912807570e-02
-3.899051973964351703e+01,5.599812109881222022e-02
-3.909922509205139818e+01,5.654843194701401898e-02
-3.920809830823833408e+01,5.708063008343775002e-02
-3.931714056321141726e+01,5.759387385452059693e-02
-3.942635304358270787e+01,5.808733969905634231e-02
-3.953573694773518810e+01,5.856022427931821539e-02
-3.964529348599175762e+01,5.901174658098547882e-02
-3.975502388078732707e+01,5.944114997526467326e-02
-3.986492936684414445e+01,5.984770423670851547e-02
-3.997501119135019110e+01,6.023070751036904008e-02
-4.008527061414111614e+01,6.058948822207966406e-02
-4.019570890788543238e+01,6.092340692583906453e-02
-4.030632735827317958e+01,6.123185808247220974e-02
-4.041712726420825419e+01,6.151427176396325608e-02
-4.052810993800417094e+01,6.177011527809816993e-02
-4.063927670558380356e+01,6.199889470831224103e-02
-4.075062890668266391e+01,6.220015636391697939e-02
-4.086216789505628810e+01,6.237348813617379223e-02
-4.097389503869150218e+01,6.251852075599016734e-02
-4.108581172002174497e+01,6.263492894933907207e-02
-4.119791933614666135e+01,6.272243248683607997e-02
-4.131021929905590184e+01,6.278079712425856107e-02
-4.142271303585727793e+01,6.280983543114598833e-02
-4.153540198900952873e+01,6.280940750498978375e-02
-4.164828761655948597e+01,6.277942156889271264e-02
-4.176137139238412743e+01,6.271983445095684340e-02
-4.187465480643728455e+01,6.263065194404583702e-02
-4.198813936500146582e+01,6.251192904495017633e-02
-4.210182659094454038e+01,6.236377007237590975e-02
-4.221571802398175777e+01,6.218632866356313404e-02
-4.232981522094300431e+01,6.197980764972858131e-02
-4.244411975604545972e+01,6.174445881091117361e-02
-4.255863322117193093e+01,6.148058251117682199e-02
-4.267335722615491278e+01,6.118852721551677060e-02
-4.278829339906629770e+01,6.086868889013625356e-02
-4.290344338651339484e+01,6.052151028819287987e-02
-4.301880885394086107e+01,6.014748012339155014e-02
-4.313439148593918304e+01,5.974713213418048757e-02
-4.325019298655934108e+01,5.932104404162163308e-02
-4.336621507963444344e+01,5.886983640431921877e-02
-4.348245950910802549e+01,5.839417137409193964e-02
-4.359892803936925532e+01,5.789475135635662600e-02
-4.371562245559552906e+01,5.737231757946005539e-02
-4.383254456410232791e+01,5.682764857744689035e-02
-4.394969619270062111e+01,5.626155859098466716e-02
-4.406707919106207783e+01,5.567489589138257394e-02
-4.418469543109226549e+01,5.506854103283682217e-02
-4.430254680731201233e+01,5.444340503821226002e-02
-4.442063523724718976e+01,5.380042752382658416e-02
-4.453896266182707819e+01,5.314057476884060521e-02
-4.465753104579181354e+01,5.246483773497365860e-02
-4.477634237810859474e+01,5.177423004235861409e-02
-4.489539867239757598e+01,5.106978590742562718e-02
-4.501470196736729434e+01,5.035255804875676117e-02
-4.513425432725986042e+01,4.962361556688713038e-02
-4.525405784230650141e+01,4.888404180403892879e-02
-4.537411462919342142e+01,4.813493218976746396e-02
-4.549442683153855427e+01,4.737739207846845824e-02
-4.561499662037917346e+01,4.661253458464773014e-02
-4.573582619467099875e+01,4.584147842178629140e-02
-4.585691778179909761e+01,4.506534575054691599e-02
-4.597827363810051082e+01,4.428526004196264854e-02
-4.609989604939956820e+01,4.350234396112533097e-02
-4.622178733155574548e+01,4.271771727675156144e-02
-4.634394983102473731e+01,4.193249480184799843e-02
-4.646638592543298785e+01,4.114778437052596383e-02
-4.658909802416606283e+01,4.036468485582911381e-02
-4.671208856897146688e+01,3.958428423323830103e-02
-4.683536003457603414e+01,3.880765769430553208e-02
-4.695891492931855993e+01,3.803586581464402094e-02
-4.708275579579819947e+01,3.726995278026712377e-02
-4.720688521153870454e+01,3.651094467602414295e-02
-4.733130578966952129e+01,3.575984783962762870e-02
-4.745602017962382035e+01,3.501764728450611902e-02
-4.758103106785428338e+01,3.428530519444972224e-02
-4.770634117856699419e+01,3.356375949274204018e-02
-4.783195327447413803e+01,3.285392248819686556e-02
-4.795787015756606309e+01,3.215667960023679828e-02
-4.808409466990318748e+01,3.147288816486955992e-02
-4.821062969442862567e+01,3.080337632313475890e-02
-4.833747815580196772e+01,3.014894199331059552e-02
-4.846464302125506407e+01,2.951035192788876646e-02
-4.859212730147037007e+01,2.888834085604538929e-02
-4.871993405148271705e+01,2.828361071205999847e-02
-4.884806637160517795e+01,2.769682994986128952e-02
-4.897652740837995822e+01,2.712863294361196956e-02
-4.910532035555489472e+01,2.657961947398205724e-02
-4.923444845508672785e+01,2.605035429950646256e-02
-4.936391499817173667e+01,2.554136681217460125e-02
-4.949372332630490945e+01,2.505315077616077080e-02
-4.962387683236849512e+01,2.458616414837468123e-02
-4.975437896175086649e+01,2.414082897929030122e-02
-4.988523321349698847e+01,2.371753139230193749e-02
-5.001644314149125847e+01,2.331662163965674342e-02
-5.014801235567407645e+01,2.293841423282504469e-02
-5.027994452329328112e+01,2.258318814499386817e-02
-5.041224337019157531e+01,2.225118708320510813e-02
-5.054491268213143940e+01,2.194261982750772208e-02
-5.067795630615847102e+01,2.165766063435571251e-02
-5.081137815200505514e+01,2.139644970135632165e-02
-5.094518219353538768e+01,2.115909369036202137e-02
-5.107937247023355098e+01,2.094566630579849931e-02
-5.121395308873619001e+01,2.075620892503671558e-02
-5.134892822441146620e+01,2.059073127754228530e-02
-5.148430212298587350e+01,2.044921216947743689e-02
-5.162007910222090601e+01,2.033160025038309796e-02
-5.175626355364124720e+01,2.023781481853580144e-02
-5.189285994431664051e+01,2.016774666155254914e-02
-5.202987281869925340e+01,2.012125892880932063e-02
-5.216730680051885827e+01,2.009818803224171224e-02
-5.230516659473804708e+01,2.009834457211284384e-02
-5.244345698956957591e+01,2.012151428436001477e-02
-5.258218285855875962e+01,2.016745900617070153e-02
-5.272134916273288496e+01,2.023591765648663499e-02
-5.286096095282091767e+01,2.032660722819428986e-02
-5.300102337154564935e+01,2.043922378882877949e-02
-5.314154165599202884e+01,2.057344348669577078e-02
-5.328252114005392315e+01,2.072892355940298206e-02
-5.342396725696318072e+01,2.090530334188715408e-02
-5.356588554190398810e+01,2.110220527112418448e-02
-5.370828163471630035e+01,2.131923588481968862e-02
-5.385116128269196878e+01,2.155598681149121371e-02
-5.399453034346745284e+01,2.181203574947573887e-02
-5.413839478801740768e+01,2.208694743252028608e-02
-5.428276070375316209e+01,2.238027457974514287e-02
-5.442763429773092554e+01,2.269155882790218140e-02
-5.457302189997432862e+01,2.302033164398903028e-02
-5.471892996691644839e+01,2.336611521641905262e-02
-5.486536508496634212e+01,2.372842332308925176e-02
-5.501233397420596560e+01,2.410676217483183337e-02
-5.515984349222324568e+01,2.450063123287883268e-02
-5.530790063808720447e+01,2.490952399911399925e-02
-5.545651255647216971e+01,2.533292877803065141e-02
-5.560568654193734517e+01,2.577032940945689701e-02
-5.575543004336954311e+01,2.622120597125283947e-02
-5.590575066859609166e+01,2.668503545132379362e-02
-5.605665618917669235e+01,2.716129238843281724e-02
-5.620815454538214340e+01,2.764944948143050266e-02
-5.636025385136922239e+01,2.814897816665343222e-02
-5.651296240056128539e+01,2.865934916337092506e-02
-5.666628867124437363e+01,2.918003298728586575e-02
-5.682024133238988384e+01,2.971050043221590969e-02
-5.697482924971478013e+01,3.025022302019863760e-02
-5.713006149199139827e+01,3.079867342037590980e-02
-5.728594733761961066e+01,3.135532583711998778e-02
-5.744249628147459674e+01,3.191965636796580130e-02
-5.759971804204464974e+01,3.249114333201033600e-02
-5.775762256887426815e+01,3.306926756953101898e-02
-5.791622005032809284e+01,3.365351271366024549e-02
-5.807552092169360947e+01,3.424336543503284785e-02
-5.823553587364011008e+01,3.483831566039644750e-02
-5.839627586105344648e+01,3.543785676624296860e-02
-5.855775211226752219e+01,3.604148574858023757e-02
-5.871997613871396027e+01,3.664870337001864542e-02
-5.888295974501379959e+01,3.725901428539790672e-02
-5.904671503953574785e+01,3.787192714722062425e-02
-5.921125444544830430e+01,3.848695469219916288e-02
-5.937659071229328589e+01,3.910361381025208305e-02
-5.954273692811219121e+01,3.972142559731282191e-02
-5.970970653215723445e+01,4.033991539333346699e-02
-5.987751332822221428e+01,4.095861280688026240e-02
-6.004617149863045711e+01,4.157705172772655638e-02
-6.021569561891985245e+01,4.219477032885236151e-02
-6.038610067326796838e+01,4.281131105925763819e-02
-6.055740207070319059e+01,4.342622062898938290e-02
-6.072961566215155216e+01,4.403904998777147251e-02
-6.090275775837226035e+01,4.464935429860833471e-02
-6.107684514883960247e+01,4.525669290771341946e-02
-6.125189512163239414e+01,4.586062931208789717e-02
-6.142792548439796718e+01,4.646073112604384020e-02
-6.160495458646230560e+01,4.705657004793494663e-02
-6.178300134216353712e+01,4.764772182831767539e-02
-6.196208525549314317e+01,4.823376624072675534e-02
-6.214222644613492719e+01,4.881428705620315806e-02
-6.232344567700032201e+01,4.938887202266623033e-02
-6.250576438336604213e+01,4.995711285016984221e-02
-6.268920470373002729e+01,5.051860520303067675e-02
-6.287378951251049841e+01,5.107294869975963214e-02
-6.305954245472513975e+01,5.161974692167010242e-02
-6.324648798279816475e+01,5.215860743097647245e-02
-6.343465139565786615e+01,5.268914179913370549e-02
-6.362405888030038881e+01,5.321096564610597324e-02
-6.381473755601299302e+01,5.372369869118577557e-02
-6.400671552146793886e+01,5.422696481592000767e-02
-6.420002190491737792e+01,5.472039213962958532e-02
-6.439468691774287379e+01,5.520361310794339588e-02
-6.459074191163766443e+01,5.567626459469539324e-02
-6.478821943972731390e+01,5.613798801746554268e-02
-6.498715332196499617e+01,5.658842946697496823e-02
-6.518757871517327374e+01,5.702723985047388616e-02
-6.538953218814141621e+01,5.745407504919374658e-02
-6.559305180223205411e+01,5.786859608986048842e-02
-6.579817719799862630e+01,5.827046933020098990e-02
-6.600494968837115550e+01,5.865936665830145946e-02
-6.621341235902919209e+01,5.903496570561080070e-02
-6.642361017665059819e+01,5.939695007331301929e-02
-6.663559010580570430e+01,5.974500957172717425e-02
-6.684940123535476175e+01,6.007884047232692204e-02
-6.706509491531122080e+01,6.039814577190892597e-02
-6.728272490524831539e+01,6.070263546837607188e-02
-6.750234753546284594e+01,6.099202684754183312e-02
-6.772402188226114106e+01,6.126604478030127365e-02
-6.794780995890977238e+01,6.152442202945928446e-02
-6.817377692399688272e+01,6.176689956545086679e-02
-6.840199130918335868e+01,6.199322689013516546e-02
-6.863252526859571390e+01,6.220316236779590419e-02
-6.886545485242822906e+01,6.239647356243249038e-02
-6.910086030768916032e+01,6.257293758038119658e-02
-6.933882640945600428e+01,6.273234141726352631e-02
-6.957944282650979062e+01,6.287448230822059725e-02
-6.982280452581093755e+01,6.299916808035373184e-02
-7.006901222098153426e+01,6.310621750626174697e-02
-7.031817287078985146e+01,6.319546065753281483e-02
-7.057040023462306522e+01,6.326673925702326617e-02
-7.082581549311805702e+01,6.331990702873388499e-02
-7.108454794354028650e+01,6.335483004407246876e-02
-7.134673578121649484e+01,6.337138706327845317e-02
-7.161252698040293296e+01,6.336946987077153592e-02
-7.188208029050359471e+01,6.334898360317813004e-02
-7.215556636665128565e+01,6.330984706878677037e-02
-7.243316905748555712e+01,6.325199305718148812e-02
-7.271508687768982782e+01,6.317536863780683076e-02
-7.300153469875375833e+01,6.307993544622521320e-02
-7.329274569883249058e+01,6.296566995684006740e-02
-7.358897362194160507e+01,6.283256374087269058e-02
-7.389049540866149357e+01,6.268062370840149500e-02
-7.419761427585298463e+01,6.250987233329635684e-02
-7.451066334275165559e+01,6.232034785990796938e-02
-7.483000992678573482e+01,6.211210449040471815e-02
-7.515606066678796537e+01,6.188521255168572682e-02
-7.548926767710585750e+01,6.163975864083850315e-02
-7.583013599805458682e+01,6.137584574815278110e-02
-7.617923269291678423e+01,6.109359335675099839e-02
-7.653719805930960263e+01,6.079313751794628712e-02
-7.690475958843092030e+01,6.047463090149349241e-02
-7.728274954302992228e+01,6.013824281995808901e-02
-7.767212737119346855e+01,5.978415922648862291e-02
-7.807400868856288412e+01,5.941258268534332226e-02
-7.848970334678907079e+01,5.902373231458959979e-02
-7.892076633286970377e+01,5.861784370046607684e-02
-7.936906721708824364e+01,5.819516878296900064e-02
-7.983688714693701627e+01,5.775597571230248889e-02
-8.032705804746242961e+01,5.730054867590853723e-02
-8.084316891150261597e+01,5.682918769587326502e-02
-8.138988351631661544e+01,5.634220839658856533e-02
-8.197345334741278577e+01,5.583994174263010729e-02
-8.260259600834081084e+01,5.532273374689890971e-02
-8.329011891728239902e+01,5.479094514915842234e-02
-8.405624693524562474e+01,5.424495106518541221e-02
-8.493653584769540998e+01,5.368514060684098643e-02
-8.600576606972218485e+01,5.311191647345359090e-02
-8.749522430651641969e+01,5.252569451499382314e-02
